file,number,artist,track
2stepgarage,1,Amira,My Desire
2stepgarage,2,Second Protocol,Basslick
2stepgarage,3,The Streets,Let'S Push Things Forward
2stepgarage,4,Mj Cole,Sincere
2stepgarage,5,Architechs Feat. Nana,Body Groove
2stepgarage,6,So Solid Crew,Nasty
2stepgarage,7,Dru C,Dub Plate Style
2stepgarage,8,The Artful Dodger Feat. Craig David,Something
2stepgarage,9,Dajae Feat. E-Smoove,Time
abstracthiphop,1,Dj Vadim / Herbaliser,Conquest Of The Irrational
abstracthiphop,2,Dj Food,Turtle Soup
abstracthiphop,3,Hexstatic,Ninja Tune
abstracthiphop,4,Blockhead,Triptych Part One
abstracthiphop,5,Dj Signify,Propaganda
abstracthiphop,6,Coldcut,Timber
acidbreaks,1,Simon,Two Crates
acidbreaks,2,Dj Voodoo Vs. The Liquid Method,Everybody Thinks I'M High And I Am
acidbreaks,3,Southside Reverb,Reverberation
acidbreaks,4,Kingsize,Acid Or Xtc
acidbreaks,5,Dave London,Get Down Tonight
acidbreaks,6,Thursday Club,A Place Called Acid
acidbreaks,7,Josh Wink,Higher State Of Consciousness
acidbreaks,8,Funky Robots,Tb303
acidhouse,1,Fast Eddie,Acid Thunder
acidhouse,2,D-Mob,We Call It Acieed
acidhouse,3,Bobby Konders,Nervous Acid
acidhouse,4,Bam Bam,Where'S Your Child?
acidhouse,5,Miss Nicky Trax,Acid In The House
acidhouse,6,Phuture,Acid Trax
acidjazz,1,Kruder & Dorfmeister,Definition
acidjazz,2,Arnica Montana,Eau De Malta
acidjazz,3,Silent Poets,Break In The Circle
acidjazz,4,Mateo & Matos,Taste Of Funk
acidjazz,5,Nightmares On Wax,Les Nuits
acidjazz,6,Ballistic Brothers,Blacker
acidjazz,7,Ronny Jordan,After Hours
acidjazz,8,Sofa Surfers,Sofa Rockers
acidjazz,9,Raw Instinct,De La Bass
acidtechno,1,Woody Mcbride,Basketball Heroes
acidtechno,2,Miss Djax,Evil Machines
acidtechno,3,Choice,Acid Eiffel
acidtechno,4,Tesox,Funky Bassline
acidtechno,5,Dave The Drummer,Shudder & Twitch
acidtechno,6,Fuzz Face,New Friends
acidtechno,7,Acid Scout,4 Degrees
acidtrance,1,Electric Skychurch,Deus
acidtrance,2,Balil,Parasight
acidtrance,3,Awex,It'S Our Future
acidtrance,4,Hardfloor,Acperience
acidtrance,5,Art Of Trance,Deeper Than Deep
acidtrance,6,Union Jack,Red Herring
acidtrance,7,Renegade Legion,Weeping Waste
acidtrance,8,Psychobabble,Inverted Forces
ambient,1,Klaus Schulze,Velvet Voyage
ambient,2,The Klf,Madrugada Eterna
ambient,3,Sylvian/Fripp,Bringing Down The Light
ambient,4,Tangerine Dream,Phaedra
ambient,5,The Orb,
ambient,6,Robert Rich & Steven Roach,Fearless
ambient,7,Dreamfish,School Of Fish
ambient,8,Speedy J,Fill 17
ambientbreaks,1,The Future Sound Of London,Papua New Guinea
ambientbreaks,2,Rob D,Clubbed To Death
ambientbreaks,3,Alter)Ring,Infinitely Gentle Blows
ambientbreaks,4,Moby,Porcelain
ambienthouse,1,Biosphere,Baby Interphase
ambienthouse,2,The Orb,Little Fluffy Clouds
ambientpsy,1,The Infinity Project,When Sound Becomes Color
ambientpsy,2,Shpongle,Divine Moments Of Truth
ambientpsy,3,Cosmosis,Afterglow
ambientpsy,4,Sundog,Seven Minutes 2 Midnight
ambienttechno,1,Theorem,Plas
ambienttechno,2,The Higher Intelligence Agency,Delta
ambienttechno,3,Aphex Twin,Xtal
ambienttechno,4,Plastikman,Consumed
ambienttechno,5,Orbital,Halcyon + On + On
ambienttrance,1,Leama,Requiem For A Dream
ambienttrance,2,It,Dream Injection
ambienttrance,3,Crystalsphere,Ambient=The Mind
ambienttrance,4,Air Liquide,If There Was No Gravity
ambienttrance,5,Mystic Force,Clearlight
anthembreaks,1,Music Instructor,Supersonic
anthembreaks,2,Dj Infiniti,Running Away
anthembreaks,3,Kay Cee,Escape
anthembreaks,4,Terra Skye,Is This Love
anthemhouse,1,2 Unlimited,Twilight Zone
anthemhouse,2,The Klf,What Time Is Love
anthemhouse,3,Sash,Encore Un Fois
anthemhouse,4,The Immortals,Techno Syndrome (Mortal Kombat)
anthemhouse,5,Faithless,Insomnia
anthemtrance,1,Sunflower,Cold Turkey
anthemtrance,2,Transa,Transtar
anthemtrance,3,The Generator,Where Are You Now
anthemtrance,4,Steve Morley,Reincarnations
anthemtrance,5,Dj Tandu,Velvet
anthemtrance,6,Pulp Victim,The World
anthemtrance,7,Agnelli & Nelson,El Nino
anthemtrance,8,Flutlicht,Icarus
anthemtrance,9,Cascade,Transcend
atmosphericjungle,1,Morcheeba,The Music That We Hear (Omni Trio Mix)
atmosphericjungle,2,Ltj Bukem,Horizons
atmosphericjungle,3,Lamb,Gorecki (Global Communication Mix)
atmosphericjungle,4,Apollo 440,Vanishing Point
atmosphericjungle,5,Blame,Alpha: 7
bangintechno,1,Cj Bolland,The Tingler
bangintechno,2,Mateo Murphy,First Impressio
bangintechno,3,Richie Hawtin,Orange/Minus 2
bangintechno,4,Speedy J,Electric Deluxe
bangintechno,5,Frankie Bones,Get This Str-8
bigbeat,1,Wildchild,Renegade Master
bigbeat,2,Fatboy Slim,Illuminati
bigbeat,3,Overseer,Supermoves
bigbeat,4,Cirrus,Break In
bigbeat,5,The Prodigy,Smack My Bitch Up
bigbeat,6,Chemical Brothers,Elektrobank
bootyhouse,1,Dj Funk,Let Me Bang
bootyhouse,2,Dj Funk,Da Booty Perk-U-Later
bootyhouse,3,Dj Funk,Pump It
bootyhouse,4,Dj Funk,Pop Them Thangs
bootyhouse,5,Dj Funk,Hold Up
bootyhouse,6,Dj Isaac,Face Down Ass Up
bootytrance,1,Lectrolux,The House Is Surrounded
breaktrance,1,General Midi,Further
breaktrance,2,Christian J,Understand
breaktrance,3,Starecase,Faith
breaktrance,4,Hybrid,Finished Symphony
buttrockgoa,1,Four Carry Nuts,Halogen
buttrockgoa,2,1200 Mics,Acid Or Nothing
buttrockgoa,3,Analog Pussy,Trance N Roll
buttrockgoa,4,Infected Mushroom,None Of This Is Real
buttrockgoa,5,Indica,Rock N Roll
buttrockgoa,6,Johann,Stranded (Delta Mix)
buttrockgoa,7,Dark Soho,Combustion
buttrockgoa,8,Xemomorph,Killer State
buttrockgoa,9,Sun Project,At The Edge Of Time
casiocore,1,Atom & His Package,Where Eagles Dare
casiocore,2,Stereo Total,Ushilo Sugata Ga Kilei
casiocore,3,Wesley Willis,Does It Really Matter What Song It Is?
casiocore,4,Casiotone For The Painfully Alone,In A Green Cotten Sweater
chemicalbreaks,1,Electroliners,Loose Caboose (Bassbin Twins Mix)
chemicalbreaks,2,Dj Friction & Spice,You Make Me Feel So Good
chemicalbreaks,3,Crystal Method,Busy Child
chemicalbreaks,4,Stisch,Pack Of Reds
chemicalbreaks,5,Uberzone,Botz
classichouse,1,Mixmasters,In The Mix
classichouse,2,Robert Owens,Bring Down The Walls
classichouse,3,Lil Louis,French Kiss
classichouse,4,Ecstasy,This Is My House
classichouse,5,Steve 'Silk' Hurley,Jack Your Body
classichouse,6,Larry Heard Aka Mr. Fingers,Can You Feel It
classichouse,7,Marshall Jefferson,Move Your Body
classictechno,1,Dopplereffekt,Superior Race
classictechno,2,Channel One,Technicolor
classictechno,3,Model 500,Future
classictechno,4,Model 500,No Ufos
classictechno,5,Cybotron,Clear
classictrance,1,Dance 2 Trance,We Came In Peace
classictrance,2,Emmanuel Top,Acid Phase
classictrance,3,Underworld,Thing In A Book
classictrance,4,Cosmic Baby,Magic Cubes
classictrance,5,Datura,Yerba Del Diablo
classictrance,6,Resistance D,Cosmic Love
classictrance,7,Commander Tom,The Vulcan
classictrance,8,Spicelab,Amorph
classictrance,9,Age Of Love,Age Of Love
coldwave,1,Die Krupps,Isolation
coldwave,2,Hate Dept,Master And Servant
coldwave,3,Acumen Nation,Ventilator
coldwave,4,Cubanate,Oxycetylene
coldwave,5,Chemlab,Jesus Christ Porno Star
crunk,1,Lil Scrappy Feat. Lil Jon,That'S Nasty
crunk,2,Three 6 Mafia Feat. Lil Flip,Ridin' Spinners
crunk,3,Mystikal Feat. Method Man,I Get It Started
crunk,4,Usher Feat. Lil Jon,Yeah
crunk,5,Ludacris Feat. Mystikal,Move Bitch
crunk,6,A-Team Feat. Lil Jon,What Dey Gon Do
crunk,7,Lil Jon & The Eastside Boys,Get Low
darkambient,1,Tetsu Inoue,Q-Tip
darkambient,2,Robert Rich & Lustmord,Hidden Refuge
darkambient,3,Armegeddon Project,Becoming
darkambient,4,Desiderii Marginis,Forlorn Pt. 2
darkambient,5,In Slaughter Natives,Beauty And Bleeding
darkbreaks,1,Tanith,Bronco
darkbreaks,2,Tsunami One,Number 43 With Steamed Rice Please
darkbreaks,3,Wizard Of Oh,Off To Demention X
darkcore,1,The Terrorist,The Chopper
darkcore,2,Dj Hype,Weird Energy
darkcore,3,Q Project,Champion Sound
darkcore,4,Ray Keith,Terrorist
darkhouse,1,Voodooamt,Nachtschicht
darkhouse,2,Pete Lazonby,Wavespeech
darkstep,1,Faith In Chaos ,Possession (Kemal & Rob Data Mix)
darkstep,2,Dom & Roland,Dynamo
darkstep,3,Dieselboy,Invid
darkstep,4,Rawthang,Beautiful Morning
darkstep,5,Leon Switch,Lucky Star
darkstep,6,Dj Trace,Mutant Revisited
darkstep,7,Technical Itch,The Rukus
darkstep,8,Dillinja And Lemon D,Grimey
darkstep,9,Usual Suspects,Synapse
darksynth,1,Skinny Puppy,Assimilate
darksynth,2,Beborn Beton,Another World
darksynth,3,Daf,Der Mussolini
darksynth,4,Cabaret Voltaire,Sensoria
darksynth,5,Wolfsheim,The Sparrows And The Nightingales
darktrance,1,Fascinated,Totally Fascinated
darktrance,2,Omar Santana,Raver'S Damnation (Deepsky Mix)
darktrance,3,De Niro,Mind Of Man
darktrance,4,Eric Prydz,Deeper Still
darktrance,5,Plastic Angel,Hardwired
darktrance,6,Anne Clark,Our Darkness (Total Eclipse Mix)
darktrance,7,Trancesetters,Roaches
darkwave,1,Black Tape For A Blue Girl,I Have No Answers
darkwave,2,Cocteau Twins,Millimillenary
darkwave,3,Mors Syphilitica,Dreams Of The Many
darkwave,4,Switchblade Symphony,Dollhouse
darkwave,5,London After Midnight,Kiss
darkwave,6,Cruxshadows,Clerestory
darkwave,7,Deine Lakaien,The Night Of Love
darkwave,8,Clan Of Xymox,Strangers
deathtrance,1,Synergy,World Of Bassline
deephouse,1,Moodymann,Mahogany Brown
deephouse,2,Miguel Migs,Petalpushing
deephouse,3,Terry Lee Brown Jr.,Terry'S House
deephouse,4,Kevin Yost & Peter Funk,Dreams Of You
deephouse,5,Aaron Carl,My House
deephouse,6,Blue Six,Music & Wine
deephouse,7,Sixteen Souls,Late Night Jam
deephouse,8,The Rurals,Make Amends
deephouse,9,Second Shift,Somethin' Else
deeptechno,1,Luomo,The Right Wing
deeptechno,2,Altitude,Further
deeptechno,3,Aril Brikha,On & On
deeptechno,4,Monolake,Index
deeptrance,1,The Fact,Contact
deeptrance,2,Dominion,11 Hours
deeptrance,3,Alexander Kowalski,Belo Horizonte
deeptrance,4,Ashtrax,Digital Reason
deeptrance,5,Excession,Affected
deeptrance,6,Sunday Club,Eterna'S Flight
deeptrance,7,Quirk,Soft Focus (Hyperion Mix)
deeptrance,8,Blue Amazon,And Then The Rain Falls
detroithouse,1,Eddie Fowlkes,Goodbye Kiss
detroithouse,2,Blake Baxter,When We Used To Play
detroithouse,3,Inner City,Big Fun
detroithouse,4,Suburban Knight,The Art Of Stalking
detroithouse,5,Kreem,Triangle Of Love
detroithouse,6,Rhythim Is Rhythim,Strings Of Life
detroittechno,1,Jeff Mills,The Bells
detroittechno,2,Damon Wild,Aqua
detroittechno,3,Carl Craig,Dreamland
detroittechno,4,Underground Resistance,Adrenalin
detroittechno,5,Kenny Larkin,Soul Man
detroittechno,6,Oscar Mulero & Jeff Mills,Cyclone
digitalhardcore,1,Ec8Or,I Don'T Want To Be Part Of This
digitalhardcore,2,Shizuo,Sweat
digitalhardcore,3,Bomb20 & Lawgiver,Basssssssssssss
digitalhardcore,4,Atari Teenage Riot,Start The Riot
dirtysouthrap,1,Too Short,I Luv
dirtysouthrap,2,Gucci Crew,That Girl
dirtysouthrap,3,Wreckx-N-Effect,Rumpshaker
dirtysouthrap,4,Splack Pack,Shake That Ass Bitch
dirtysouthrap,5,Freak Nasty,Da Dip
dirtysouthrap,6,Soundmaster T,2 Much Booty (In The Pants)
dirtysouthrap,7,2 Live Crew,Pop That Pussy
dirtysouthrap,8,Sir Mix-A-Lot,Baby Got Back
disco,6,Patrick Cowley,Menergy
disco,8,Sylvester,Stars
disco,7,Divine,Shoot Your Shot
disco,4,Amanda Lear,Follow Me
disco,3,Claudja Barry,Boogie Woogie Dancing Shoes
disco,5,Patrick Hernandez,Born To Be Alive
disco,1,"Lipps, Inc.",Funkytown
disco,2,Donna Summer,I Feel Love
discohouse,1,Dj Flex,Love For U
discohouse,2,Junior Jack,My Feeling
discohouse,3,Dj Ionic,Disco Mania
discohouse,4,Boogie Tunes,Takin' You Down
discohouse,5,C-Mos,Young
discohouse,6,Phats & Small,Turn Around (Olav Basoski Mix)
discohouse,7,Terrence Parker,Pure Disco
discohouse,8,Conga Squad,Cool
discohouse,9,Aldo & Felipe,Best Of Me
downbeat,1,Royksopp,Eple
downbeat,2,Olive,You'Re Not Alone
downbeat,3,Sneaker Pimps,6 Underground
downbeat,4,Beth Orton,Stars All Seem To Sleep
downbeat,5,Mandalay,Flowers Bloom
downbeat,6,Bjork,Army Of Me
dreamtrance,1,Imperio,Atlantis
dreamtrance,2,Zhi-Vago,Feel My Love
dreamtrance,3,Nylon Moon,Sky Plus
dreamtrance,4,Dj Panda,Forever Young
dreamtrance,5,Djk,I Like Chopin
dreamtrance,6,The Cynic Project,Trance Generation
dreamtrance,7,Wp Alex Remark,Pyramid
dreamtrance,8,Robert Miles,Children
dreamtrance,9,Dj Dado,Dreamscape
drumnbass,1,Baron,Meet The Creeper
drumnbass,2,Capone,Flow
drumnbass,3,Nightwalker,Head Nod
drumnbass,4,Decoder & Substance,Hazard
drumnbass,5,Dj Krust,Warhead
drumnbass,6,Juju & Calibre,Koka Remix
drumnbass,7,Photek,Knight Vision
drumnbass,8,Grooverider,On The Double
dubhouse,1,Lee 'Scratch' Perry,Rainy Night
dubhouse,2,Augustus Pablo,555 Dub Street
dubhouse,3,King Tubby And Soul Syndicate,Leaving Babylon
dubhouse,4,Mad Professor,Santero Dub
dubhouse,5,Jacob Miller,Baby I Love You
dubtechno,1,Kit Clayton,Material Problem
dubtechno,2,Thomas Fehlmann,Making It Whistle
dubtechno,3,Maurizio,E1 7
earlysynth,1,Dave Vouhaus,Three D
earlysynth,2,Roland Hovoc,Bits
earlysynth,3,Heinz Funk,Menuett
earlysynth,4,Kraftwerk,Autobahn
earlysynth,5,Dave Richmond,Movin' Along
earlysynth,6,Ron Geesin,Ambling Antics
earlysynth,7,Ted Atking & Alain Feanch,Children'S Carnival
earlysynth,8,Hot Butter,Popcorn
earlysynth,9,Bruce Haack,Mean Old Devil
eastcoastrap,1,Young Mc,Bust A Move
eastcoastrap,2,Dj Jazzy Jeff & The Fresh Prince,Parents Just Don'T Understand
eastcoastrap,3,Slick Rick,Mona Lisa
eastcoastrap,4,Biz Markie,Vapors
eastcoastrap,5,The Fat Boys,Breakdown
eastcoastrap,6,Beastie Boys,No Sleep Till Brooklyn
eastcoastrap,7,Ll Cool J,Momma Said Knock You Out
eastcoastrap,8,Public Enemy,Fight The Power
ebm,1,Electric Hellfire Club,Incubus (Leather Strip Mix)
ebm,2,And One,Techno Man
ebm,3,Nitzer Ebb,Murderous
ebm,4,Bigod 20,America
ebm,5,Front Line Assembly,Mindphaser
ebm,6,Cyberaktif,Black & White
ebm,7,Front 242,Motion
ebm,8,Assemblage 23,Love My Way
electro,1,Herbie Hancock,Rockit
electro,2,B.O.S.E,Rockin' To The Beat
electro,3,The Alliance,Action
electro,4,Freestyle,It'S Automatic
electro,5,Mantronix,Needle To The Groove
electro,6,Jonzun Crew,Pac Jam
electro,7,Newcleus,Jam On It
electro,8,Kraftwerk,Radioactivity
electro,9,Afrika Bambaataa,Planet Rock
electrofunk,1,Funkadelic,Electro-Cuties
electrofunk,2,Roger,"So Ruff, So Tuff"
electrofunk,3,Zapp,More Bounce To The Ounce
electrofunk,4,Rick James,Bad Mamma Jamma
electrofunk,5,Vaughn Mason & Crew,"Bounce, Rock, Skate, Roll"
electrofunk,6,Edwin Birdsong,Cola Bottle Baby
electrofunk,7,Laidback,Ride The White Horse
electrofunk,8,One Way,Cutie Pie
electrofunk,9,George Clinton,Atomic Dog
electroindustrial,1,Suicide Commando,Cause Of Death Suicide
electroindustrial,2,Wumpscut,Wulf
electroindustrial,3,Velvet Acid Christ,Pretty Toy
electroindustrial,4,Informatik,Nightlife
electroindustrial,5,New Mind,Love Missile F1-11
electroindustrial,6,Funker Vogt,Wartime
electroindustrial,7,Hocico,Bloodshed
electroindustrial,8,Haujobb,Rising Sun
electroindustrial,9,In Strict Confidence,Stripped
electronicclassical,1,Tomita,Gardens In The Rain
electronicclassical,2,Wenwaldyter Carlos,Sinfonia To Cantata No. 29
electronicclassical,3,Bbc Radiophonic Workshop,Theme From Dr. Who
electronicpsychedelia,1,Neu!,Hallogalo
electronicpsychedelia,2,Silver Apples,Program
electronicpsychedelia,3,The Beatles,Tomorrow Never Knows
electronicpsychedelia,4,White Noise,Love Without Sound
electronicpsychedelia,5,Pink Floyd,Welcome To The Machine
electronicpsychedelia,6,Pierre Henry,Too Fortiche
epichouse,1,Bryan Adams,Heaven (Stupid Dance Mix)
epichouse,2,Duran Duran,Ordinary World (Stupid Dance Mix)
epichouse,3,Don Henley,Boys Of Summer (Stupid Dance Mix)
epichouse,4,A-Ha,Take On Me (Stupid Dance Mix)
epichouse,5,Mike Oldfield,Moonlight Shadow (Stupid Dance Mix)
epictrance,1,The Thrillseekers,Synaesthesia
epictrance,2,Paul Van Dyk,For An Angel
epictrance,3,Vincent De Moor,Fly Away
epictrance,4,Kayestone,Atmosphere (Angelic Mix)
epictrance,5,Fragma,Everytime You Need Me
epictrance,6,Alice Deejay,Better Off Alone
epictrance,7,Ayla,Ayla Part Ii
epictrance,8,Kamaya Painters,Endless Wave
epictrance,9,Ian Van Dahl,Castles In The Sky
ethereal,1,Love Spirals Downwards,Sidhe
ethereal,2,The Changelings,Johnny Ether'S Great Escape
ethereal,3,Ordo Rosarius Equilibrio,"Remember Depravity, And The Orgies Of Rome"
ethereal,4,This Ascension,Lydia'S Friend
ethereal,5,Dead Can Dance,Host Of The Seraphim
ethereal,6,Arcana,Opening Of The Wound
ethereal,7,Coph Nia,Our Lady Of The Stars
eurobeat,1,Nikita Jr,Dancing In The Jungle
eurobeat,2,Black Eva,Turn The Beat Around
eurobeat,3,Dee Dee Wonder,Darkmoon Fighter
eurobeat,4,Tam Arrow,One Shot Girl
eurobeat,5,Princess F,Technotronic Flight
eurobeat,6,Live Music Gang,This Is Para Para
eurobeat,7,Dave Rodgers,Grand Prix
eurobeat,8,Max Coveri,Running In The 90S
eurobeat,9,Nick Mansell,Stop Lookin' Back
eurodance,1,Roxxy,I'Ll Never Stop
eurodance,2,Reset,Wings Of Love
eurodance,3,Maxx,Getaway
eurodance,4,Acti-Vision,Let The Rhythm Take Control
eurodance,5,Corona,Baby Baby
eurodance,6,Ybz,Now That I Found You
eurodance,7,Emjay,Take Me (In Your Arms)
eurodance,8,Antares,Ride On A Meteorite
eurodance,9,Capital Sound,Desire
eurotechno,1,Program 2,The Trip
eurotechno,2,808 State,Cubik
eurotechno,3,Lfo,Lfo
eurotechno,4,Scanner Vs. Signs Ov Chaos,Michael Jackson
eurotechno,5,Stakker,Humanoid
experimentaljungle,1,U-Ziq,Carpet Muncher
experimentaljungle,2,Aphex Twin,4
experimentaljungle,3,Squarepusher,Rustic Raver
experimentaltechno,1,Si Beg,Test Tube Baby
experimentaltechno,2,Neil Landstrumm,Takks
experimentaltechno,3,Christian Vogel,Puss
floridabreaks,1,Tony Faline,Feel The Funk
floridabreaks,2,Baby Anne,Fury
floridabreaks,3,Fluppy,Blue Horizon
floridabreaks,4,Dj Icey,Ease The Beat Back Up
floridabreaks,5,Dj Huda Hudia & Tony Faline,Don'T Stop
floridabreaks,6,Paul Rubin,Party Going On
floridabreaks,7,Rick West,Metamorphose (Dj X Mix)
floridabreaks,8,Dj Icey,Bass Electrix
freeform,1,Kaos & Ethos,Get Fucked
freeform,2,Marc Smith & Sharkey,It'S All Just Hardcore
freeform,3,Alek Szahala,Darkstar
freeform,4,Fade,The Future
freeform,5,Dair & Devastate,Music Power
freeform,6,Scott Majestic,Acid Dreams
freeform,7,"Justrich, K-Komplex, Kevin Energy ",Visions Of Infinity
freestyle,1,Wickett,I Want You
freestyle,2,Rockell,In A Dream
freestyle,3,Jocelyn Enriquez,A Little Bit Of Ecstasy
freestyle,4,The Cover Girls,Don'T Stop Now
freestyle,5,Lil Suzy,We'D Always Be Together
freestyle,6,Debbie Deb,I Wanna Dance
freestyle,7,Shannon,Let The Music Play
freestyle,8,Alizee,Fantasy Love
freestyle,9,Angelique,Aiming Straight For Your Heart
frenchhouse,1,Cosmos (Not Thomas Bangalter),Take Me With You
frenchhouse,2,Alan Braxe,Vertigo
frenchhouse,3,Sebastien Leger,We Are
frenchhouse,4,Together (Thomas Bangalter!!!),So Much Love To Give
frenchhouse,5,Daft Punk (Thomas Bangalter!!!),Aerodynamite
frenchhouse,6,The Ones,Flawless
frenchhouse,7,Dave Armstrong,Make Your Move
frenchhouse,8,Stardust (Thomas Bangalter!!!),Music Sounds Better With You
frenchhouse,9,Thomas Bangalter (Thomas Bangalter!!),Colossus
frenchpop,1,Taxi Girl,Chercher Le Garcon
frenchpop,2,Silicon Teens,Memphis Tennessee
frenchpop,3,Polyphobic Size,Girlscout
frenchpop,4,Telex,Eurovision
frenchpop,5,Jean-Jacques Perrey,E.V.A.
funkybreaks,1,Propellerheads,Take California
funkybreaks,2,Plump Djs,The Funk Hits The Fan
funkybreaks,3,Sedona,Coast
funkybreaks,4,Sol Brothers,That Elvis Track
funkybreaks,5,Renegade Soundwave,Thunder
funkybreaks,6,Sensei,Pimp Slap The Funk
funkyhouse,1,Dj Roog,Funk Three
funkyhouse,2,Ian Pooley,What'S Your Number
funkyhouse,3,Basco,Music With A Feel
funkyhouse,4,Dj Sneak,Fix My Sink
funkyhouse,5,Avalanche,Acid Attack
funkyhouse,6,Meccaheadz,Nightskool
funkyhouse,7,Fab Four,Last Night A Dj Blew My Mind
funkyhouse,8,Angel Alanis,Funkmaster
funkyhouse,9,M1 Presents Neon Lights,House Of Funk
futurepop,1,Covenant,Call The Ships To Port
futurepop,2,Neurotic Fish,Velocity
futurepop,3,Aghast View,Deviance
futurepop,4,Decoded Feedback,Ragescape
futurepop,5,Apoptygma Bezerk,Spiritual Reality
futurepop,6,Melotron,Erwartungen
futurepop,7,Icon Of Coil,Former Self
futurepop,8,Vnv Nation,Dark Angel
gabber,1,The Prophet & Omar Santana,Power Pill
gabber,2,Matrix & Wargroover,Yeah
gabber,3,Pariah,Id
gabber,4,Hellfish,Seriously Evil Shit Mission 3
gabber,5,Ron D. Core,My Computer
gabber,6,Dj Promo,Madman
gabberhouse,1,Master Of Rave,Gabber Until The End
gangstarap,1,Dmx,Fuckin' Wit D
gangstarap,2,Busta Rhymes,Code Of The Street
gangstarap,3,Ja Rule Feat. Fat Joe & Jadaki,100 Guns
gangstarap,4,Obie Trice,Oh!
gangstarap,5,Method Man,What'S Happenin'
gangstarap,6,Nas,Every Ghetto
gangstarap,7,Wu-Tang Clan,Triumph
gangstarap,8,Notorious B.I.G.,Big Poppa
garage,1,Crown Heights Affair,Dance Lady Dance
garage,2,Oliver Cheatham  ,Get Down Saturday Night
garage,3,New Jersey Connection,Love Don'T Come Easy
garage,4,Blaze,If You Should Need A Friend
garage,5,Nyc Peech Boys,Don'T Make Me Wait (Larry Levan Mix)
garage,6,Change,A Lover'S Holiday
garage,7,Aly-Us,Follow Me
garage,8,Masters At Work,I Can'T Get No Sleep
germantechno,1,Thomas Schumacher,The Simpleton
germantechno,2,Richard Bartz,Ghetto Blaster
germantechno,3,Chris Liebing,Conan
germantechno,4,Andreas Kramer & Thomas Pogadl,Der Racher
germantechno,5,Thomas P Heckmann & Mark Romboy,Ultra Vixens
germantechno,6,Scion,Arrange And Process 7
germantechno,7,Technasia,Force
germantechno,8,Pacou,Iron City
germantrance,1,D-Fense & Confusion,Water For The Journey
germantrance,2,Dj Yanny,Initialize
germantrance,3,Overcharge Feat. G-Meter,Paddyman
germantrance,4,Modo,Gema Tanzen
germantrance,5,Nostrum,Monastery
germantrance,6,Gary D,Timewarp
germantrance,7,Dj Gollum,Action
germantrance,8,Code-28,Feel My Desire
gfunk,1,Thug Life,Pour Out A Little Liquor
gfunk,2,Kurupt,Neva Gonna Give It Up
gfunk,3,Coolio,Fantastic Voyage
gfunk,4,Above The Law,Black Superman
gfunk,5,2Pac,California Love
gfunk,6,Tha Dogg Pound,Let Me Ride
gfunk,7,Dr. Dre,Fuck Wit Dre Day
gfunk,8,Snoop Doggy Dogg,What'S My Name
ghettotech,1,Dj Assault,Asses Wigglin'
ghettotech,2,Dj Godfather,Player Haters In This House
ghettotech,3,Dj Nasty,Tongue Bath
ghettotech,4,Dj Godfather,Get Yo Jit On
ghettotech,5,Disco D,You Need Another Drink
ghettotech,6,Dj Assault,Ass N' Titties
glitch,1,Station Rose,Smoother Than Strange
glitch,2,Fax,Danz
glitch,3,Twerk,Inorganic Clarity
glitch,4,Electric Company,As Am I
glitch,5,Cex,At Least I Can Say I Tried
glitch,6,Random Inc.,Losing Touch
glitch,7,Kid 606,Dodgy
glitch,8,Dj Rupture,"High Resolution, Heat Sensor"
gloomcore,1,The Horrorist,Mission Ecstasy
gloomcore,2,The Horrorist,One Night In Nyc
gloomcore,3,Green Velvet,La La Land
gloomcore,4,Green Velvet,Genedefekt
goatrance,1,Solar Plexus,Crystal Forest
goatrance,2,Shakta,Lepton Head (Deedrah Mix)
goatrance,3,Caunos,Herzsprung
goatrance,4,Cybernaut,Hydroponics
goatrance,5,Astral Projection,Mahadeva
goatrance,6,Ominus,Acid Tester
goatrance,7,Cydonia,Animals
goatrance,8,Trilithon,Trance Dance
goatrance,9,Man With No Name,Teleport
goth,1,Bauhaus,Dancing
goth,2,Danse Society,Heaven Is Waiting
goth,3,The Sisters Of Mercy,This Corrosion
happygabber,1,Lady Dana,Booming Track
happygabber,2,Dj Mito & Emo Dj,Best Party
happygabber,3,Lenny D & Dark Raver,To Da Rhythm
happygabber,4,Rob Gee,"Xtc, You Got What I Need"
happygabber,5,3 Steps Ahead,House From Hell
happyhardcore,1,Critical Mass,Happy Generation
happyhardcore,2,Visa,Fly Away
happyhardcore,3,Dune,Rainbow To The Stars
happyhardcore,4,Nakatomi,Children Of The Night
happyhardcore,5,Scott Brown,Elysium
happyhardcore,6,Trixxy,Sunrize
happyhardcore,7,Bang!,Shooting Star
happyhardcore,8,4 Tune Fairytales,My Little Fantasy
happyhardcore,9,Stealth,"Love, Life & Happiness"
happyhouse,1,Hit 'N' Hide,Space Invaders
happyhouse,2,Smile.Dk,Butterfly
happyhouse,3,Vengaboys,Skinnydipping
happyhouse,4,Miss Papaya,Sugarboy
happyhouse,5,Tempo,Everybody Get Up
happyhouse,6,Aqua,Roses Are Red
hardacidtechno,1,Ascorbin Acid,Sweet Liberty
hardacidtechno,2,Gamma Loop,Eclipse
hardacidtechno,3,Ddr & The Geezer,Mad Cows On Acid
hardacidtechno,4,Lochi,London Acid City
hardacidtechno,5,The Geezer & Choci,Monomadness
hardacidtechno,6,Rebel Yelle,Affirmation
hardacidtechno,7,Adam Starr,Bad Acid Jesus
hardacidtechno,8,Solar Quest,Acid Air Raid
hardacidtechno,9,Chris Liberator & The Geezer,303 Power
hardacidtrance,1,Interrupt,Upside Down
hardacidtrance,2,Voodoo & Serano,Blood Is Pumping
hardacidtrance,3,Dj Misjah & Dj Tim,Access
hardacidtrance,4,Alien Factory,Get The Future Started
hardacidtrance,5,Wippenberg,Neurodancer
hardacidtrance,6,Jon The Dentist,Global Phases
hardacidtrance,7,Demonic Emotions,Stuck On A Space Trip
hardacidtrance,8,Jeremiah,Exotic Intercourse
hardacidtrance,9,Overrider,Time Bomb
hardhouse,1,Jack-N-House,A Man With A Horn
hardhouse,2,Kevin Halstead,Mix Masta
hardhouse,3,Juan V,House Is The Way Of Life
hardhouse,4,Mark V And Poogie Bear,War
hardhouse,5,Noise Makers,Don'T Stop
hardhouse,6,Louis Love,Jedi Raver
hardhouse,7,Rick Garcia,Grind Remix
hardhouse,8,George Centeno,Check This Out
hardhouse,9,Dj Bam Bam,Blow Your Mind
hardstep,1,Iq Collective,Mode One
hardstep,2,Ice Minus,Clones
hardstep,3,Dred Bass,Technology
hardstep,4,Capone,Tudor Rose
hardstep,5,Resonant Evil,Slingshot
hardstep,6,Abstract,The Message
hardstep,7,Biostacis,Gamma Ray
hardstyle,1,Southstylers,E-Town
hardstyle,2,Pavo & Zany,Shutterspeed
hardstyle,3,Walt,Wanna Fuck
hardstyle,4,Dhhd,Funky Shit
hardstyle,5,Mindcontroller,King Of The Beats
hardstyle,6,Hi-Skool,Summer Nights
hardstyle,7,High Voltage,Bombs Away
hardstyle,8,The Kgbs,Techno Gym
hardstyle,9,Blutonium Boy Vs. Dj Neo,Hardstyle Nation
hardtechno,1,Fky,Alpoto
hardtechno,2,Banditos,Walded
hardtechno,3,Punk Floyd,Can'T Breathe
hardtechno,4,Network 23,Probably Taking Drugs
hardtechno,5,Metek,Fonction Radicale
hardtechno,6,Spiral Tribe,Crystal Acid
hardtrance,1,Trance Generators,Never In Danger
hardtrance,2,Cosmic Gate,The Truth
hardtrance,3,Cinderella,The Realm
hardtrance,4,Yoji Biomehanika,Bangin' Globe
hardtrance,5,Bean Vs. Cyrus,Thunder In Paradise
hardtrance,6,Space Frog,Follow Me
hardtrance,7,Hennes & Cold,The Second Trip
hardtrance,8,Embargo,Blackout
hardtrance,9,Ernasto Vs. Bastian,Who Is The Starter
hinrg,1,Sunscreem,Love U More
hinrg,2,Sparks,Music That You Can Dance To
hinrg,3,Jimmy Somerville,You Make Me Feel
hinrg,4,Berri,Sunshine After The Rain
hinrg,5,Berlin,Sex (I'M A Slut)
hinrg,6,Bobby Orlando,Whisper To A Scream
hinrg,7,Dead Or Alive,Lover Come Back To Me
hiphop,1,Maestro Fresh-Wes,Let Your Backbone Slide
hiphop,2,Kurtis Blow,Don'T Stop The Body Rock
hiphop,3,Run Dmc,King Of Rock
hiphop,4,Ultramagnetic Mcs,Give The Drummer Some
hiphop,5,Eric B And Rakim,I Know You Got Soul
hiphop,6,Sugarhill Gang,Rapper'S Delight
hiphop,7,Grandmaster Flash,The Message
hiphouse,1,House Of Pain,Jump Around
hiphouse,2,Run Dmc Vs Jason Nevins,It'S Like That
hiphouse,3,Stereo Mcs,Get Connected
hiphouse,4,Jungle Brothers,I'Ll House You
hiphouse,5,Tyree,Turn Up The Bass
ibizatrance,1,Jam & Spoon,Stella
ibizatrance,2,Humate,Love Stimulation
ibizatrance,3,Fathers Of Sound,Water
ibizatrance,4,Atb,Underwater World
ibizatrance,5,Solar Stone,Seven Cities
ibizatrance,6,Nalin & Kane,Beachball
ibizatrance,7,Chicane,Offshore
ibizatrance,8,Miro,Paradise
idm,1,Hrvatski,Insect Digestion Melancholy
idm,2,Mouse On Mars,Tux & Damask
idm,3,"Stock, Hausen & Walkman",V.A.
idm,4,Bauri,Machina
idm,5,Plone,Tricky Disco
idm,6,Cim,Typical
idm,7,Amon Tobin,Back From Space
idm,8,Autechre,Acroyear 2
illbient,1,Sixtoo,Boxcutter Emporium
illbient,2,Wagon Christ,Sleeper
illbient,3,Boards Of Canada,Roygbiv
illbient,4,Dj Spooky,Phase Interlude
illbient,5,Neotropic,Northwest 37Th
illbient,6,Spectre,I Asked For Water
illbient,7,Unkle,Rabbit In Your Headlights
illbient,8,Irresistable Force,Nepalese Bliss (Dj Food Remake)
industrial,1,Einsturzende Neubauten,Haus Der Luge
industrial,2,Laibach,Vier Personen
industrial,3,Spk,Twilight Of The Idols
industrial,4,Throbbing Gristle,Discipline
industrialdnb,1,Dryft,X11
industrialdnb,2,Detritus,Equilibrium
industrialexperimental,1,Gridlock,Frantic
industrialexperimental,2,Controlled Bleeding,Tormentor'S Song
industrialexperimental,3,Coil,Red Skeletons
industrialexperimental,4,Esplendor Geometrico,Belew
industrialrock,1,Kmfdm,Anarchy
industrialrock,2,Ministry,New World Order
industrialrock,3,Rob Zombie,More Human Than Human
industrialrock,4,Sister Machine Gun,Addiction
industrialrock,5,Rammstein,Du Hast
industrialrock,6,Nine Inch Nails,Wish
industrialtechno,1,Asche,Mindbomb
industrialtechno,2,Hypnoskull,10 Seconds Left
industrialtechno,3,Punch Inc.,Desert Storm
italiantechno,1,Massimo Cominotto,Eroi De Carta
italiantechno,2,Joy Kitikonti,Joyenergizer
italiantechno,3,Danilo Vigorito,Phlex
italiantechno,4,Marco Carola,Hypnotisanus
italiantechno,5,Mauro Picotto,Baguette
italiantechno,6,Gaetano Parisio,Ritmatica
italodisco,1,Hypnosis,Argonauts
italodisco,2,Cyber People,Doctor Faustu'S
italodisco,3,Valerie Dore,The Night
italodisco,4,Digital Emotion,Go Go Yellow Screen
italodisco,5,Shy Rose,I Cry For You
italodisco,6,Ken Laszlo,Hey Hey Guy
italodisco,7,Sweet Connection,Heart To Heart
italodisco,8,Denise & Baby'S Gang,Disco Maniac
italodisco,9,Mc Brain,Loving You Forever
italodisco,10,Miko Mission,How Old Are You
italodisco,11,Proxyon,Beyond The Future
jazzstep,1,Dj Pulse,Planet Funk
jazzstep,2,Carlito & Dj Addiction,Supergrass
jazzstep,3,Marcus Intalex & St Files,Nightfall
jazzstep,4,Amorphouse,Sidestepper
jazzstep,5,Roni Size Reprazent,Brown Paper Bag
jazzstep,6,Dj Marky Feat. Mc Stamina,It'S The Way
jazzstep,7,Uncut,Midnight
jazzstep,8,Goldie,Timeless
jazzstep,9,Ez Rollers,Tough At The Top
jpop,1,Tommy February6,Everyday At The Bus Stop
jpop,2,Yukari Fresh,Yukarin' Disco
jpop,3,Max,Give Me A Shake
jpop,4,Masami Okui & Megumi Hayashibara,Sleepless Night
jpop,5,Move,Overdrive
jpop,6,Megumi Hayashibara,Breeze
jpop,7,Dream,Heart On Wave
jpop,8,Ayumi Hamasaki,Trust
jpop,9,Hirokai Anzai,Reality
jtek,1,Rumenige Feat. Loktibrada,Bandaska
jtek,2,Takkyu Ishino,Polynasia
jtek,3,Fumiya Tanaka,Phase
jtek,4,Takaati Itoh,Tap
jtek,5,Ken Ishii,Extra
jumpup,1,Mulder,The Hard Way
jumpup,2,Aphrodite,Jungle Brother
jumpup,3,Rockerfella,As We Always Do
jumpup,4,Aphrodite,The Bomber Style
jumpup,5,Majistrate,Prohibited
latinhouse,1,Afro Angel,Join Me Brother
latinhouse,2,Dimitri & Tom,Brazil Over Zurich
latinhouse,3,Mambana,Libre
latinhouse,4,2 Dj'S At Work,All Night Is Party Time
latintechno,1,Dj Preach,No War In The Summer
latintechno,2,Monika Kruse,Latin Lovers
latintechno,3,Max Walder,Samba Del Costa
latintechno,4,Tomaz Vs Filterheadz,Los Hijos Del Sol
liquidfunk,1,London Elektricity,Different Drum
liquidfunk,2,High Contrast,Return Of Forever
liquidfunk,3,Calibre,Jane'S Twitch
liquidfunk,4,Nu:Tone,Our House
liquidfunk,5,Hatiras,Space Invaders (J Majik Mix)
metalcore,1,Riot Squad,Nonshlen Tustokken
metalcore,2,Fear Factory,T-1000
metalcore,3,Dj Skinhead,Xtreme Terror
miamibass,1,Quad City Djs,Space Jam
miamibass,2,69 Boyz,Tootsee Roll
miamibass,3,Uncle Al,Slip 'N Slide
miamibass,4,95 South,Rodeo
miamibass,5,Tag Team,Whoomp! There It Is
miamibass,6,Dj Magic Mike,You Want Bass
microhouse,1,Ricardo Villalobos,Frank
microhouse,2,Yomgaille,There
microhouse,3,Fotec Foyamat,Lumiere
microhouse,4,Matthew Dear,Another
microhouse,5,Losoul,Synchro
microhouse,6,Pantytec,Does Ronda Know
microhouse,7,Akufen,New Process
microhouse,8,Farben,Beautone
minimalism,1,Terry Riley,A Rainbow Of Curved Air
minimalism,2,Philip Glass,Music In Twelve Parts (Part 2)
minimalism,3,Steve Reich,Pulses
minimalism,4,Mike Oldfield,Tubular Bells
minimaltechno,1,Michael Mayer,Pensum
minimaltechno,2,Safety Scissors,Fridgelife
minimaltechno,3,Mike Ink,Orange
minimaltechno,4,James Ruskin,The Divine
minimaltechno,5,Basic Channel,Octaedre
minimaltechno,6,Sutekh,
minimaltechno,7,Dj T-1000,Thesis
musiqueconcrete,1,Morton Subotnik,Silver Apples Of The Moon Part 1
musiqueconcrete,2,Tom Dissevelt,Anchor Chains
musiqueconcrete,3,Raymond Scott,Twilight In Turkey
musiqueconcrete,4,Karlheinz Stockhausen,Gesang Der Juenglinge
musiqueconcrete,5,Iannis Xenakis,Concret Ph
musiqueconcrete,6,Kid Baltan,Song Of The Second Moon
musiqueconcrete,7,Pierre Schaeffer,Etude Noire
musiqueconcrete,8,Edgar Varese,Poem Electronique
neurofunk,1,Synthetix,Lockdown
neurofunk,2,Kraken,Illusions
neurofunk,3,Black Sun Empire,Firing Squad
neurofunk,4,Wrisk,Diced Turkey
neurofunk,5,Teebee,Meteron
neurofunk,6,Stakka & Skynet,Violent Extremes
neurofunk,7,Psion,Reverse Engineering
newage,1,John Taylor,L'Autre Moi
newage,2,Ray Lynch,The Oh Of Pleasure
newage,3,Boko Suzuki,"Spirit, Breath, And Movement"
newage,4,Enya,Only Time
newbeat,1,Major Problem,I Still Have A Dream
newbeat,2,Amnesia,Ibiza
newbeat,3,Public Relations,Eighty Eight
newbeat,4,Confetti'S,The Sound Of C
newbeat,5,The Klf,It'S Grim Up North
newbeat,6,Lords Of Acid,I Sit On Acid
newbeat,7,101,Rock To The Beat
newjackswing,1,Toni Braxton,You'Re Making Me High
newjackswing,2,Blackstreet,No Diggity
newjackswing,3,Tony Toni Tone ,My Ex-Girlfriend
newjackswing,4,Salt 'N' Pepa,Let'S Talk About Sex
newjackswing,5,Milli Vanilli,Girl You Know It'S True
newjackswing,6,Tlc,Waterfalls
newjackswing,7,Boys Ii Men,End Of The Road
newjackswing,8,Bel Biv Devoe,Poison
newjackswing,9,En Vogue,My Lovin'
newwave,1,Synergy,Revolt At L-5
newwave,2,Gary Numan,I Nearly Married A Human
newwave,3,Yellow Magic Orchestra,Behind The Mask
newwave,4,Telex,L'Amour Toujour
newwave,5,Vangelis,Alpha
newwave,6,Giorgio Moroder,The Chase
newwave,7,Jean Michel Jarre,Oxygene Part Iv
noizecore,1,Navicon Torture Technologies,The Last Day
noizecore,2,Speedranch Vs End,Tea
noizecore,3,V/Vm,Music Fighter
noizecore,4,Government Alpha,Cryptic Cave
noizecore,5,Venetian Snares,All The Children Are Dead
nottrance,1,Envio,Touched By The Sun
nottrance,2,Pervading Call,Destiny
nottrance,3,Dumonde,God Music
nottrance,4,Human Evolution,Project Magenta
nottrance,5,Dj Tatana,Words
nottrance,6,System F,Exhale
nottrance,7,Scot Project,Overdrive
nottrance,8,4 Strings,Daytime
nottrance,9,Rank One,Airwave
nrg,1,Vinylgroover & The Redhead,Move Your Body
nrg,2,Captain Tinrib,Acid Pandemonium
nrg,3,Lab 4,Bardig
nrg,4,Fergie & Bk,House Of Pain
nrg,5,Chris C,Get On The Floor
nrg,6,Cortina,Higher
nrg,7,Od404,Bad Mothafucka
nrg,8,Steve Thomas,Higher
nrg,9,Bk & Nick Sentience,Noise
nuelectro,1,Ural 13 Diktators,Disko Kings
nuelectro,2,Drexciya,Bubblemetropolis
nuelectro,3,I-F,Space Invaders Are Smoking Grass
nuelectro,4,Dynamix Ii,Ignition
nuelectro,5,Industrial Bass Machine,The Voice Of World Control
nuelectro,6,Jedi Knights,May The Funk Be With You
nuelectro,7,Anthony Rother,Red Light District
nuitalodisco,1,Natascha Hagen,Que Sara
nuitalodisco,2,Gigi D'Agostino,Star
nuitalodisco,3,Sarina Paris,Just About Enough
nuitalodisco,4,Funny,Sing A Song
nuitalodisco,5,Becca,Come And Get My Love
nuitalodisco,6,Blockhouse,Disco Hit
nuitalodisco,7,Alicia,Open Your Eyes
nuitalodisco,8,Prezioso,Let'S Talk About A Man
nuitalodisco,9,Consilio,Take My Heart
nujazz,1,Skalpel,So Far
nujazz,2,Journeyman,Buscuits
nujazz,3,Jaga Jazzist,Made For Radio
nujazz,4,Luke Vibert,Get Your Head Down
nujazz,5,Hedfunk,Agua
nujazz,6,9 Lazy 9,The Herb
nujazz,7,Funki Porcini,Long Road
nuskoolbreaks,1,Stanton Warriors,Da Virus
nuskoolbreaks,2,Exile,Neuroscan
nuskoolbreaks,3,Blim,Chronologic
nuskoolbreaks,4,Ils,Requiem
nuskoolbreaks,5,Tipper,Twister
nuskoolbreaks,6,Junkie Xl,"Take The Red Pill, Take The Blue Pill"
nuskoolbreaks,7,Freq Nasty And Dee Kline,Every Posse & Crew
nusoul,1,Ashanti,Rock With You
nusoul,2,Destiny'S Child,Jumpin' Jumpin'
nusoul,3,Brandy,Turn It Up
nusoul,4,Aaliyah,More Than A Woman
nusoul,5,Alisha Keys,Karma
nusoul,6,India Arie,Video
nusoul,7,Keshia Chante,Unpredictable
nusoul,8,Lauren Hill,Doo Wop (That Thing)
nusoul,9,Mary J. Blige,Rainy Daze
nustylegabber,1,Noize Suppressor Vs Endymion,Gangboy
nustylegabber,2,Chaosphere Vs Evil Activities,Paranoid Dancer
nustylegabber,3,Rotterdam Terror Corps,Pandemonia
nustylegabber,4,G-Town Madness Vs. The Viper,Here It Comes
nustylegabber,5,Masters Of Ceremony,Hardcore Will Survive
nustylegabber,6,Headbanger,Psycho Game
nustylegabber,7,Bodylotion,Wanna Freak You
nustylegabber,8,Alienator,Causin' Panic
nustylegabber,9,Angerfist,My Style From The Dark Side
oldskoolravehardcore,1,Smart E'S,Sesame'S Treat
oldskoolravehardcore,2,Jimmy J & Cru-L-T,Runaway
oldskoolravehardcore,3,Arling & Cameron,We Love Dancing
oldskoolravehardcore,4,Dj Red Alert & Mike Slammer,Fucking Hardcore
oldskoolravehardcore,5,Acen,Trip Ii The Moon
oldskoolravehardcore,6,N-Trance,Set You Free
oldskoolravehardcore,7,Dj Sy,The Chain
oldskoolravehardcore,8,The Prodigy,Your Love
powerelectronics,1,Merzbow,Catch 22
powerelectronics,2,Nod,And Into Flesh I Shall Return
powerelectronics,3,Iron Justice,Nothing And Nothing Again
powerelectronics,4,Whitehouse,Why You Never Became A Dancer
powerelectronics,5,Imminent Starvation,Self Destruct
powerelectronics,6,Winterkalte,Maximum Credible Accident
powerelectronics,7,Brighter Death Now,Oh What A Night
powerelectronics,8,Converter,Blast Furnace
progressivebreaks,1,Petter,These Days
progressivebreaks,2,Digital Witchcraft,Kaylee'S Blanket
progressivebreaks,3,Kidneythieves,Placebo (Terminalhead Mix)
progressivebreaks,4,Momu,The Dive
progressivebreaks,5,Way Out West,Mindcircus
progressivebreaks,6,Burufunk,Welcome To The Real World
progressivebreaks,7,Bt,Fibonacci Sequence
progressivehop,1,Disposable Heroes Of Hiphoprisy,"Television, The Drug Of The Nation"
progressivehop,2,A Tribe Called Quest,Midnight
progressivehop,3,Deep Puddle Dynamics,Rainmen
progressivehop,4,"Slug, Eyedea & Sole",Savior
progressivehop,5,Del The Funky Homosapien,Phoney Phranchise
progressivehop,6,Black Eyed Peas,Empire Strikes Back
progressivehop,7,Swollen Members,Deep End
progressivehouse,1,Fuzzy Logic,Obsession
progressivehouse,2,React 2 Rhythm,Intoxication
progressivehouse,3,Spooky,Schmoo
progressivehouse,4,William Orbit,Water From A Vine Leaf
progressivehouse,5,X-Press 2,Supasong
progressivehouse,6,Leftfield,Open Up
progressivehouse,7,The Shamen,Boss Drum
progressivetrance,1,Tekara,Breathe In You
progressivetrance,2,Bt,Flaming June
progressivetrance,3,Spacepunks,Another Space (Pussy 2000 Mix)
progressivetrance,4,Three Drives On A Vinyl,Greece 2000
progressivetrance,5,Andy Ling,Fixation
progressivetrance,6,Lost Tribe,Gamemaster
progressivetrance,7,Lsg,Netherworld
progressivetrance,8,Sasha,Xpander
progressivetrance,9,Cm,Dream Universe
psychedelictrance,1,Penta,Neurotic Call
psychedelictrance,2,Process,Internal Horizons
psychedelictrance,3,Infected Mushroom,Acid Killer
psychedelictrance,4,Pleiadians,Jungle Trax
psychedelictrance,5,Blue Vortex,Tranceluzid Horizon
psychedelictrance,6,The Delta,Travelling At The Speed Of Thought
psychedelictrance,7,Gms Vs Alien Project,One Good
psychedelictrance,8,Digital Talk,New Age Surf
psychedelictrance,9,Man Made Man,Drama
psytekk,1,Necton,There Ain'T No Answers
psytekk,2,Yumade,Bass Is Bass
psytekk,3,Synthaik,Arcturus
psytekk,4,Ticon,We Are The Mammoth Hunters
psytekk,5,Cosma,Human Evolution
psytekk,6,Parasense,Iron Punk
psytekk,7,Spirallianz,Sidewinder
psytekk,8,Aphid Moon,A Lot Of Radio
raggajungle,1,Congo Natty,Wardance
raggajungle,2,Tribe Of Issachar,Champion Natty
raggajungle,3,Frankie Paul & Buju Banton,Bring Your Body
raggajungle,4,Remark,Sound Murderer
raggajungle,5,Bounty Killer & Beenie Man,Borderline Mobster
raggajungle,6,Freestylers,Warning
raggajungle,7,M-Beat Feat. General Levy,Incredible
raggajungle,8,Barrington Levi,Under Mi Sensi (X-Project Mix)
raggajungle,9,Shy Fx & Uk Apache,Original Nutta
rave,1,T99,Anastasia
rave,2,Messiah,Temple Of Dreams
rave,3,U96,Das Boot
rave,4,Second Phase,Mentasm
rave,5,Human Resource,Dominator
rave,6,Altern 8,Activ 8
rave,7,La Style,James Brown Is Dead
rave,8,The Hypnotist,Hardcore You Know The Score
rave,9,Channel X,Rave The Rhythm
riofunk,1,Mp4 Djs,Table
riofunk,2,Mc Serginho,Eguinha Pocoto
riofunk,3,As Meninas,Tapinha
riofunk,4,Furacao,Ta Tudo Dominado
rotterdam,1,Dj Radium,Power Surgeon
rotterdam,2,Dj Nosferatu,The Prayer
rotterdam,3,Mindustries,Playing The Game
rotterdam,4,Dj Rob & Da Future,Yeah
rotterdam,5,Mindcrimers,Reality
rotterdam,6,Masters Of Hardcore,Bring The Pain
soundcollage,1,The Justified Ancients Of Mu Mu,Whitney Joins The Jams
soundcollage,2,Tape Beatles,From The Tide Or The Wind
soundcollage,3,Negativland,Guns - Then
soundcollage,4,The Evolution Control Committee,Rocked By Rape
speedbass,1,Vbr,Odetolngbuildshrtpeaksc
speedbass,2,Dj Tendraw And The Gypsies Dog,Vocal Tripe (I'M Gonna Hurt You Mix)
speedbass,3,Prometheus Burning,Hurt
speedbass,4,Bathyst,Biotron Tanaka
speedbass,5,Meatsock,Detention Sex
speedcore,1,Dj Pw,Push The Funk
speedcore,2,Gabba Front Berlin,Speedcore Lacrima
speedcore,3,Disciples Of Annihilation,N.Y.C. Speedcore
speedcore,4,Hell'S Army,Speedcore Shit
speedcore,5,The Destroyer,Anytime
speedcore,6,Ricardo,Only Dj Noisekick Will Survive
speedcore,7,Dj Universe,Speedcore Mixb
speedcore,8,Dj Tron,Death
speedgarage,1,Buzzy Bus,Jump
speedgarage,2,187 Lockdown,Gunman
speedgarage,3,Northbank,Musik
speedgarage,4,Praxis Feat. Kathy Brown,Turn Me Out
speedgarage,5,Mr. Spring,Voyager 1.56
speedgarage,6,Double 99,Ripgroove
stupidhouse,1,Alex K,Pump It Up
stupidhouse,2,Jonesy,Independance
stupidhouse,3,Porn Kings,Up To No Good
stupidhouse,4,Lisa Lashes,Lookin' Good
stupidhouse,5,Junkfood Junkies,Hands Up
stupidhouse,6,Dj Jean,The Launch
stupidhouse,7,Lock 'N' Load,Blow Ya Mind
stupidhouse,8,666,The Devil
stupidhouse,9,Klubbheads,Kickin' Hard
subjungle,1,Dj Rap,Digable Bass
subjungle,2,Droppin' Science,Droppin' Science Vol. 1
subjungle,3,Omni Trio,Renegade Snares
subjungle,4,Hyper On Experience,Lords Of The Null Lines
subjungle,5,Origin Unknown,Valley Of Shadows
subjungle,6,Krome & Time,The License
subjungle,7,Dj Trace,The Lost Entity
swedishtechno,1,Adam Beyer & Joel Mull,The Advent Remake
swedishtechno,2,Archae & Grovskopa,Spark
swedishtechno,3,Thomas Krome,Bitches From Hell
swedishtechno,4,Ben Sims,Eroticon
swedishtechno,5,Cari Lekebusch,Planet Of Drums
swedishtechno,6,Adam Beyer,Drum Code
symphonictrance,1,Yomanda Feat. Emma Shapplin,Spente Le Stelle
symphonictrance,2,Taste Experience,Summersault
symphonictrance,3,Brain Bug,Rain
symphonictrance,4,Crescendo,Are You Out There
synthpop,1,When In Rome,The Promise
synthpop,2,Animotion,Obsession
synthpop,3,Eurythmics,Sweet Dreams
synthpop,4,Petshop Boys,It'S A Sin
synthpop,5,A Flock Of Seaguls,I Ran (So Far Away)
synthpop,6,Ultravox,Sleepwalk
synthpop,7,Information Society,What'S On Your Mind (Pure Energy)
synthpop,8,Human League,Don'T You Want Me Baby
synthpop,9,New Order,Blue Monday
synthtron,1,Adult.,Kick In The Shin
synthtron,2,Bangkok Impact,Aspirin
synthtron,3,Legowelt,Disco Rout
synthtron,4,Golden Boy With Miss Kittin,Kuckucksuhr
synthtron,5,Fischerspooner,Emerge
synthtron,6,Jeans Team,Keine Melodien
synthtron,7,Freezepop,Bike Thief
synthtron,8,Ladytron,Playgirl
synthtron,9,Felix Da Housecat,Happy Hour
techhouse,1,Casey Hogan,Uncut
techhouse,2,Gene Farris,Go Bump In The Night
techhouse,3,Chris Doria,Busrider
techhouse,4,Dave Aude,Push That Thing
techhouse,5,Laurent Wolf,Pump It Up
technodance,1,Together,Hardcore Uproar
technodance,2,Utah Saints,Something Good
technodance,3,S'Express,Theme From S'Express
technodance,4,C&C Music Factory,Everybody Dance Now
technodance,5,Technotronic,Pump Up The Jam
technodance,6,Latour,Blue
technodance,7,Snap!,The Power
technodance,8,M/A/R/R/S,Pump Up The Volume
techstep,1,Eye-D & Kid Entropy,Wireless
techstep,2,Ed Rush & Optical & Fierce,Alien Girl
techstep,3,Jonny L,Piper
techstep,4,Panacea,Motion Sickness
techstep,5,Dj Hidden,Skektics
techstep,6,Bad Company,The Nine
techstep,7,Ganja Kru,Politrix
techtrance,1,Agoria,Radio City
techtrance,2,Christian Morgenstern,Hawaii Blue
techtrance,3,Brian Zentz,Algebra
techtrance,4,Steve Porter,Mindless
techtrance,5,Marco V,Indicator
techtrance,6,Der Dritte Raum,Hale Bopp
techtrance,7,Ronny Priest,Tracked Romance Pt. 1
techtrance,8,Breeder,The Chain
techtrance,9,Timo Maas,Riding On A Storm
terrorcore,1,D'Spyre & Hamunaptra,Threebond Of Consent
terrorcore,2,Androgyn Network,Cannibalistic
terrorcore,3,Alcore,Evil Church
terrorcore,4,Nordcore Gmbh,Now
terrorcore,5,Delta 9,Real Hardcore
trancecore,1,Deejay Bee & Overflow,Sunrise
trancecore,2,Sharkey & Energy,Take Me Up
trancecore,3,Justrich & Phosopher,Ain'T No Stoppin' This
trancecore,4,Dougal & Gammer,Jam The Nightclub
trancecore,5,"Social Outcast Vs Shanyu, Tazz, Concept",Twist Of Faith
trancecore,6,Dave Davis,Transfiguration
trancecore,7,Clsm,Liberation
trancestep,1,John B,Celebrity
trancestep,2,Counterstrike,V
trancestep,3,Sta & Paul B,Secrets Inside
trancestep,4,Plexus,Speedfreak
trancestep,5,Raiden,Fallin'
trancestep,6,Cydefx,Timescape
trancestep,7,John B,American Girls
trancestep,8,Concord Dawn,Morning Light
tribalbreaks,1,Planet Funk,Inside All The People
tribalbreaks,2,Lee Coombs & Meat Katie,Two Men On A Trip
tribalbreaks,3,Rhythm Method,Sorrow
tribalhouse,1,Kao,Pressure (Undisputed Truth Mix)
tribalhouse,2,Dj Jeno,The Bone
tribalhouse,3,H-Foundation,Homegrown
tribalhouse,4,Papacha,Sentossa
tribalhouse,5,The Goodmen,Give It Up
tribalhouse,6,Dubtribe Soundsystem,Hasta Luego Mi Hermano
tribaltechno,1,Cave,Streetcarnival
tribaltechno,2,Kev Wright,Getting Closer
tribaltechno,3,Papacha,Benimussa (Chus & Ceballos Mix) 
tribaltechno,4,Boriqua Tribez,Punto
tribaltechno,5,Rhythm & Kane,Feel The Drums (Tony Thomas Mix)
tribaltechno,6,Peace Division,Feel My Drums
tribaltechno,7,John Acquaviva,More Percussions
tribaltrance,1,Etnoscope,Sunrise
tribaltrance,2,Tarantella,Karma
tribaltrance,3,"Indart, Chus & Ceballos",Momentos Oscuros
tribaltrance,4,Head Honcho,Medicene
tribaltrance,5,"Indart, Colors & Legaz",Remember The Past
tribaltrance,6,Parks & Wilson,My Orbit
triphop,1,Aztech,Manifesto
triphop,2,Tricky,Strugglin'
triphop,3,Portishead,Humming
triphop,4,Massive Attack Feat. Elizabeth Fraser,Teardrop
turntablism,1,Cut Chemist,The Periodic Table
turntablism,2,Mix Master Mike,Supa Wyde Laces
turntablism,3,Dj Q-Bert,Razor Blade Alcohol Slide
turntablism,4,Kid Koala,Fender Bender
ukhouse,1,Shmuel Flash,Chilling Moments
ukhouse,2,Satoshi Tomiie,Love Traffic
ukhouse,3,Landa,Music N Control
ukhouse,4,Heller & Farley,The Rising Sun (Bedrock Mix)
ukhouse,5,Corvin Dalek,Young People
ukhouse,6,Tiny Trendies,The Sky Is Not Crying
ukhouse,7,Sven Vath,Barbarella (Deep Dish Mix)
ukhouse,8,Tungsten,Carbine
ukhouse,9,Trisco,Muzak
vgm,1,Patrick Phelan,Top Gear - Track One (Snes)
vgm,2,Nullsleep,Her Lazer Light Eyes
vgm,3,The Slowes,Rave Til Noon
vgm,4,David Whittaker,Lazy Jones
vgm,5,Rob Hubbard,Zoids (C64)
vgm,6,Golden Shower,Video Computer System
vocalhouse,1,Ce Ce Peniston,Finally
vocalhouse,2,Chanelle,Work That Body
vocalhouse,3,Foreal People,Gotta Thing
vocalhouse,4,Black Box,Ride On Time
vocalhouse,5,Ministers De La Funk,Believe
vocalhouse,6,Kym Mazelle,Young Hearts Run Free
vocalhouse,7,Ultra Nate,A New Kind Of Medicine
vocalhouse,8,49Ers,Touch Me
vocalhouse,9,Murk Vs. Kristine W.,Some Lovin'
westcoastrap,1,Nwa,Straight Outta Compton
westcoastrap,2,Xzibit,Front 2 Back
westcoastrap,3,Cypress Hill,Insane In The Brain
westcoastrap,4,Eazy-E,Hit The Hooker
westcoastrap,5,Ice Cube,Wicked
westcoastrap,6,Ice-T,"Money, Power, Women"
worldbeat,1,Gotan Project,Sufism
worldbeat,2,Declan Flynn,Bahatu
worldbeat,3,Afro Celt Sound System,Amber
worldbeat,4,Deep Forest,Deep Forest
worldbeat,5,Baaba Maal,I Will Follow You
worldbeat,6,Enigma,Return To Innocence
worldbeat,7,Delirium,'Til The End Of Time
worldbeat,8,B-Tribe,Suave Suave
worldbeat,9,Loop Guru,Papasus
